{
  "openapi": "3.0.0",
  "paths": {
    "/": {
      "get": {
        "operationId": "getData",
        "summary": "Ipsum Lorem",
        "description": "Ipsum Lorem",
        "parameters": [],
        "responses": {
          "default": {
            "description": "",
            "content": {
              "application/json": {
                "schema": {
                  "$ref": "#/components/schemas/ApiResponseModel"
                }
              }
            }
          }
        },
        "tags": [
          "reference-app"
        ]
      }
    }
  },
  "info": {
    "title": "NestJS Reference App API",
    "description": "This is an example of an API",
    "version": "1.0.0",
    "contact": {}
  },
  "tags": [],
  "servers": [],
  "components": {
    "schemas": {
      "ApiResponseModel": {
        "type": "object",
        "properties": {
          "foo": {
            "type": "string"
          },
          "bar": {
            "type": "number"
          }
        },
        "required": [
          "foo",
          "bar"
        ]
      }
    }
  }
}