{
  "apiId": "",
  "environmentIds": [
    ""
  ],
  "api": {
    "enableGraphqlEndpoint": false,
    "operations": [
      {
        "content": "query Continents {\n  countries_continents {\n    name\n    code\n  }\n}",
        "name": "Continents",
        "path": "Continents",
        "responseSchema": "{\"type\":\"object\",\"properties\":{\"data\":{\"type\":\"object\",\"properties\":{\"countries_continents\":{\"type\":\"array\",\"items\":{\"type\":\"object\",\"properties\":{\"name\":{\"type\":\"string\"},\"code\":{\"type\":\"string\"}},\"additionalProperties\":false,\"required\":[\"name\",\"code\"]}}},\"additionalProperties\":false,\"required\":[\"countries_continents\"]}},\"additionalProperties\":false}",
        "variablesSchema": "{\"type\":\"object\",\"properties\":{},\"additionalProperties\":false}",
        "interpolationVariablesSchema": "{\"type\":\"object\",\"properties\":{},\"additionalProperties\":false}",
        "operationType": 0,
        "engine": 0,
        "cacheConfig": {
          "enable": false,
          "maxAge": 60,
          "public": true,
          "staleWhileRevalidate": 60
        },
        "authenticationConfig": {
          "authRequired": false
        },
        "authorizationConfig": {
          "claims": [],
          "roleConfig": {
            "requireMatchAll": [],
            "requireMatchAny": [],
            "denyMatchAll": [],
            "denyMatchAny": []
          }
        },
        "liveQueryConfig": {
          "enable": true,
          "pollingIntervalSeconds": 1
        },
        "hooksConfiguration": {
          "preResolve": false,
          "postResolve": false,
          "mutatingPreResolve": false,
          "mutatingPostResolve": false,
          "mockResolve": {
            "enable": false,
            "subscriptionPollingIntervalMillis": 0
          },
          "httpTransportOnResponse": false,
          "httpTransportOnRequest": false,
          "customResolve": false
        },
        "variablesConfiguration": {
          "injectVariables": []
        },
        "internal": false,
        "postResolveTransformations": []
      },
      {
        "content": "query Countries($filter: countries_CountryFilterInput) {\n  countries_countries(filter: $filter) {\n    code\n    name\n    capital\n  }\n}",
        "name": "Countries",
        "path": "Countries",
        "responseSchema": "{\"type\":\"object\",\"properties\":{\"data\":{\"type\":\"object\",\"properties\":{\"countries_countries\":{\"type\":\"array\",\"items\":{\"type\":\"object\",\"properties\":{\"code\":{\"type\":\"string\"},\"name\":{\"type\":\"string\"},\"capital\":{\"type\":\"string\"}},\"additionalProperties\":false,\"required\":[\"code\",\"name\"]}}},\"additionalProperties\":false,\"required\":[\"countries_countries\"]}},\"additionalProperties\":false}",
        "variablesSchema": "{\"type\":\"object\",\"properties\":{\"filter\":{\"$ref\":\"#/definitions/countries_CountryFilterInput\"}},\"additionalProperties\":false,\"definitions\":{\"countries_CountryFilterInput\":{\"additionalProperties\":false,\"type\":[\"object\",\"null\"],\"properties\":{\"code\":{\"$ref\":\"#/definitions/countries_StringQueryOperatorInput\"},\"continent\":{\"$ref\":\"#/definitions/countries_StringQueryOperatorInput\"},\"currency\":{\"$ref\":\"#/definitions/countries_StringQueryOperatorInput\"}}},\"countries_StringQueryOperatorInput\":{\"additionalProperties\":false,\"type\":[\"object\",\"null\"],\"properties\":{\"eq\":{\"type\":[\"string\",\"null\"]},\"in\":{\"type\":[\"array\",\"null\"],\"items\":{\"type\":\"string\"}},\"ne\":{\"type\":[\"string\",\"null\"]},\"nin\":{\"type\":[\"array\",\"null\"],\"items\":{\"type\":\"string\"}},\"regex\":{\"type\":[\"string\",\"null\"]}}}}}",
        "interpolationVariablesSchema": "{\"type\":\"object\",\"properties\":{\"filter\":{\"$ref\":\"#/definitions/countries_CountryFilterInput\"}},\"additionalProperties\":false,\"definitions\":{\"countries_CountryFilterInput\":{\"additionalProperties\":false,\"type\":[\"object\",\"null\"],\"properties\":{\"code\":{\"$ref\":\"#/definitions/countries_StringQueryOperatorInput\"},\"continent\":{\"$ref\":\"#/definitions/countries_StringQueryOperatorInput\"},\"currency\":{\"$ref\":\"#/definitions/countries_StringQueryOperatorInput\"}}},\"countries_StringQueryOperatorInput\":{\"additionalProperties\":false,\"type\":[\"object\",\"null\"],\"properties\":{\"eq\":{\"type\":[\"string\",\"null\"]},\"in\":{\"type\":[\"array\",\"null\"],\"items\":{\"type\":\"string\"}},\"ne\":{\"type\":[\"string\",\"null\"]},\"nin\":{\"type\":[\"array\",\"null\"],\"items\":{\"type\":\"string\"}},\"regex\":{\"type\":[\"string\",\"null\"]}}}}}",
        "operationType": 0,
        "engine": 0,
        "cacheConfig": {
          "enable": false,
          "maxAge": 60,
          "public": true,
          "staleWhileRevalidate": 60
        },
        "authenticationConfig": {
          "authRequired": false
        },
        "authorizationConfig": {
          "claims": [],
          "roleConfig": {
            "requireMatchAll": [],
            "requireMatchAny": [],
            "denyMatchAll": [],
            "denyMatchAny": []
          }
        },
        "liveQueryConfig": {
          "enable": true,
          "pollingIntervalSeconds": 1
        },
        "hooksConfiguration": {
          "preResolve": false,
          "postResolve": false,
          "mutatingPreResolve": false,
          "mutatingPostResolve": false,
          "mockResolve": {
            "enable": false,
            "subscriptionPollingIntervalMillis": 0
          },
          "httpTransportOnResponse": false,
          "httpTransportOnRequest": false,
          "customResolve": false
        },
        "variablesConfiguration": {
          "injectVariables": []
        },
        "internal": false,
        "postResolveTransformations": []
      },
      {
        "content": "",
        "name": "UsersGet",
        "path": "users/get",
        "responseSchema": "{}",
        "variablesSchema": "{\"type\":\"object\",\"properties\":{\"id\":{\"type\":\"string\"}},\"required\":[\"id\"],\"additionalProperties\":false,\"$schema\":\"http://json-schema.org/draft-07/schema#\"}",
        "interpolationVariablesSchema": "{\"type\":\"object\",\"properties\":{}}",
        "operationType": 0,
        "engine": 1,
        "cacheConfig": {
          "enable": false,
          "maxAge": 60,
          "public": true,
          "staleWhileRevalidate": 60
        },
        "authenticationConfig": {
          "authRequired": false
        },
        "authorizationConfig": {
          "claims": [],
          "roleConfig": {
            "requireMatchAll": [],
            "requireMatchAny": [],
            "denyMatchAll": [],
            "denyMatchAny": []
          }
        },
        "liveQueryConfig": {
          "enable": true,
          "pollingIntervalSeconds": 5
        },
        "hooksConfiguration": {
          "preResolve": false,
          "postResolve": false,
          "mutatingPreResolve": false,
          "mutatingPostResolve": false,
          "mockResolve": {
            "enable": false,
            "subscriptionPollingIntervalMillis": 0
          },
          "httpTransportOnResponse": false,
          "httpTransportOnRequest": false,
          "customResolve": false
        },
        "variablesConfiguration": {
          "injectVariables": []
        },
        "internal": false,
        "postResolveTransformations": []
      },
      {
        "content": "",
        "name": "UsersSubscribe",
        "path": "users/subscribe",
        "responseSchema": "{}",
        "variablesSchema": "{\"type\":\"object\",\"properties\":{\"id\":{\"type\":\"string\"}},\"required\":[\"id\"],\"additionalProperties\":false,\"$schema\":\"http://json-schema.org/draft-07/schema#\"}",
        "interpolationVariablesSchema": "{\"type\":\"object\",\"properties\":{}}",
        "operationType": 2,
        "engine": 1,
        "cacheConfig": {
          "enable": false,
          "maxAge": 0,
          "public": false,
          "staleWhileRevalidate": 0
        },
        "authenticationConfig": {
          "authRequired": false
        },
        "authorizationConfig": {
          "claims": [],
          "roleConfig": {
            "requireMatchAll": [],
            "requireMatchAny": [],
            "denyMatchAll": [],
            "denyMatchAny": []
          }
        },
        "liveQueryConfig": {
          "enable": false,
          "pollingIntervalSeconds": 0
        },
        "hooksConfiguration": {
          "preResolve": false,
          "postResolve": false,
          "mutatingPreResolve": false,
          "mutatingPostResolve": false,
          "mockResolve": {
            "enable": false,
            "subscriptionPollingIntervalMillis": 0
          },
          "httpTransportOnResponse": false,
          "httpTransportOnRequest": false,
          "customResolve": false
        },
        "variablesConfiguration": {
          "injectVariables": []
        },
        "internal": false,
        "postResolveTransformations": []
      },
      {
        "content": "",
        "name": "UsersUpdate",
        "path": "users/update",
        "responseSchema": "{}",
        "variablesSchema": "{\"type\":\"object\",\"properties\":{\"id\":{\"type\":\"string\"},\"name\":{\"type\":\"string\"},\"bio\":{\"type\":\"string\"}},\"required\":[\"id\",\"name\",\"bio\"],\"additionalProperties\":false,\"$schema\":\"http://json-schema.org/draft-07/schema#\"}",
        "interpolationVariablesSchema": "{\"type\":\"object\",\"properties\":{}}",
        "operationType": 1,
        "engine": 1,
        "cacheConfig": {
          "enable": false,
          "maxAge": 0,
          "public": false,
          "staleWhileRevalidate": 0
        },
        "authenticationConfig": {
          "authRequired": false
        },
        "authorizationConfig": {
          "claims": [],
          "roleConfig": {
            "requireMatchAll": [],
            "requireMatchAny": [],
            "denyMatchAll": [],
            "denyMatchAny": []
          }
        },
        "liveQueryConfig": {
          "enable": false,
          "pollingIntervalSeconds": 0
        },
        "hooksConfiguration": {
          "preResolve": false,
          "postResolve": false,
          "mutatingPreResolve": false,
          "mutatingPostResolve": false,
          "mockResolve": {
            "enable": false,
            "subscriptionPollingIntervalMillis": 0
          },
          "httpTransportOnResponse": false,
          "httpTransportOnRequest": false,
          "customResolve": false
        },
        "variablesConfiguration": {
          "injectVariables": []
        },
        "internal": false,
        "postResolveTransformations": []
      }
    ],
    "invalidOperationNames": [],
    "engineConfiguration": {
      "defaultFlushInterval": 500,
      "graphqlSchema": "\"\"\"\nThe @removeNullVariables directive allows you to remove variables with null value from your GraphQL Query or Mutation Operations.\n\nA potential use-case could be that you have a graphql upstream which is not accepting null values for variables.\nBy enabling this directive all variables with null values will be removed from upstream query.\n\nquery ($say: String, $name: String) @removeNullVariables {\n\thello(say: $say, name: $name)\n}\n\nDirective will transform variables json and remove top level null values.\n{ \"say\": null, \"name\": \"world\" }\n\nSo upstream will receive the following variables:\n\n{ \"name\": \"world\" }\n\"\"\"\ndirective @removeNullVariables on QUERY | MUTATION\n\ndirective @hooksVariable on VARIABLE_DEFINITION\n\ndirective @jsonSchema(\n  \"\"\"\n  The value of both of these keywords MUST be a string.\n  \n  Both of these keywords can be used to decorate a user interface with\n  information about the data produced by this user interface.  A title\n  will preferably be short, whereas a description will provide\n  explanation about the purpose of the instance described by this\n  schema.\n  \"\"\"\n  title: String\n  \"\"\"\n  The value of both of these keywords MUST be a string.\n  \n  Both of these keywords can be used to decorate a user interface with\n  information about the data produced by this user interface.  A title\n  will preferably be short, whereas a description will provide\n  explanation about the purpose of the instance described by this\n  schema.\n  \"\"\"\n  description: String\n  \"\"\"\n  The value of \"multipleOf\" MUST be a number, strictly greater than 0.\n  \n  A numeric instance is valid only if division by this keyword's value\n  results in an integer.\n  \"\"\"\n  multipleOf: Int\n  \"\"\"\n  The value of \"maximum\" MUST be a number, representing an inclusive\n  upper limit for a numeric instance.\n  \n  If the instance is a number, then this keyword validates only if the\n  instance is less than or exactly equal to \"maximum\".\n  \"\"\"\n  maximum: Int\n  \"\"\"\n  The value of \"exclusiveMaximum\" MUST be number, representing an\n  exclusive upper limit for a numeric instance.\n  \n  If the instance is a number, then the instance is valid only if it\n  has a value strictly less than (not equal to) \"exclusiveMaximum\".\n  \"\"\"\n  exclusiveMaximum: Int\n  \"\"\"\n  The value of \"minimum\" MUST be a number, representing an inclusive\n  lower limit for a numeric instance.\n  \n  If the instance is a number, then this keyword validates only if the\n  instance is greater than or exactly equal to \"minimum\".\n  \"\"\"\n  minimum: Int\n  \"\"\"\n  The value of \"exclusiveMinimum\" MUST be number, representing an\n  exclusive lower limit for a numeric instance.\n  \n  If the instance is a number, then the instance is valid only if it\n  has a value strictly greater than (not equal to) \"exclusiveMinimum\".\n  \"\"\"\n  exclusiveMinimum: Int\n  \"\"\"\n  The value of this keyword MUST be a non-negative integer.\n  \n  A string instance is valid against this keyword if its length is less\n  than, or equal to, the value of this keyword.\n  \n  The length of a string instance is defined as the number of its\n  characters as defined by RFC 7159 [RFC7159].\n  \"\"\"\n  maxLength: Int\n  \"\"\"\n  The value of this keyword MUST be a non-negative integer.\n  \n  A string instance is valid against this keyword if its length is\n  greater than, or equal to, the value of this keyword.\n  \n  The length of a string instance is defined as the number of its\n  characters as defined by RFC 7159 [RFC7159].\n  \n  Omitting this keyword has the same behavior as a value of 0.\n  \"\"\"\n  minLength: Int\n  \"\"\"\n  The value of this keyword MUST be a string.  This string SHOULD be a\n  valid regular expression, according to the ECMA 262 regular\n  expression dialect.\n  \n  A string instance is considered valid if the regular expression\n  matches the instance successfully.  Recall: regular expressions are\n  not implicitly anchored.\n  \"\"\"\n  pattern: String\n  \"\"\"\n  The value of this keyword MUST be a non-negative integer.\n  \n  An array instance is valid against \"maxItems\" if its size is less\n  than, or equal to, the value of this keyword.\n  \"\"\"\n  maxItems: Int\n  \"\"\"\n  The value of this keyword MUST be a non-negative integer.\n  \n  An array instance is valid against \"minItems\" if its size is greater\n  than, or equal to, the value of this keyword.\n  \n  Omitting this keyword has the same behavior as a value of 0.\n  \"\"\"\n  minItems: Int\n  \"\"\"\n  The value of this keyword MUST be a boolean.\n  \n  If this keyword has boolean value false, the instance validates\n  successfully.  If it has boolean value true, the instance validates\n  successfully if all of its elements are unique.\n  \n  Omitting this keyword has the same behavior as a value of false.\n  \"\"\"\n  uniqueItems: Boolean\n  commonPattern: COMMON_REGEX_PATTERN\n  \"\"\"Optional field to apply the JSON schema to\"\"\"\n  on: String\n) repeatable on VARIABLE_DEFINITION\n\ndirective @rbac(\n  \"\"\"the user must match all roles\"\"\"\n  requireMatchAll: [WG_ROLE]\n  \"\"\"the user must match at least one of the roles\"\"\"\n  requireMatchAny: [WG_ROLE]\n  \"\"\"the user must not match all of the roles\"\"\"\n  denyMatchAll: [WG_ROLE]\n  \"\"\"the user must not match any of the roles\"\"\"\n  denyMatchAny: [WG_ROLE]\n) on QUERY | MUTATION | SUBSCRIPTION\n\n\"\"\"\nThe @fromClaim directive sets the variable to the value retrieved from the given a claim.\nAdding this directive makes the operation require authentication.\n\"\"\"\ndirective @fromClaim(name: WG_CLAIM, on: String = \"\") repeatable on VARIABLE_DEFINITION\n\n\"\"\"\nThe directive @injectCurrentDateTime injects a DateTime string of the current date and time into the variable.\nThis variable MUST be a string compatible scalar. \n\nThe default format, is: ISO 8601\nIf no format is chosen, the default format is used.\nCustom formats are allowed by specifying a format conforming to the Golang specification for specifying a date time format.\n\"\"\"\ndirective @injectCurrentDateTime(\n  format: WunderGraphDateTimeFormat = ISO8601\n  \"\"\"\n  customFormat must conform to the Golang specification for specifying a date time format\n  \"\"\"\n  customFormat: String\n  on: String = \"\"\n) repeatable on VARIABLE_DEFINITION\n\n\"\"\"\nThe directive @injectGeneratedUUID injects a generated UUID into the variable.\nThis variable MUST be a string.\nAt the same time, it removes the variable from the input definition,\ndisallowing the user to supply it.\n\nThis means, the UUID is 100% generated server-side and can be considered untempered.\n\"\"\"\ndirective @injectGeneratedUUID(on: String = \"\") repeatable on VARIABLE_DEFINITION\n\n\"\"\"\nThe @internalOperation Directive marks an Operation as internal.\nBy doing so, the Operation is no longer accessible from the public API.\nIt can only be accessed by internal services, like hooks.\n\"\"\"\ndirective @internalOperation on QUERY | MUTATION | SUBSCRIPTION\n\n\"\"\"\nThe directive @injectEnvironmentVariable allows you to inject an environment variable into the variable definition.\n\"\"\"\ndirective @injectEnvironmentVariable(name: String!, on: String = \"\") repeatable on VARIABLE_DEFINITION\n\n\"\"\"\nThe @export directive instructs the Execution Planner to export the field during the execution into the variable of the 'as' argument.\nAs the execution is depth first, a field can only be used after it has been exported.\nAdditionally, a field can only be used after using the '_join' field or on a different data source.\nIt's not possible to export a field and use it in for the same data source.\n\nNote that the @export directive only works on fields that return a single value.\nIt's not possible to export a list or object field.\n\"\"\"\ndirective @export(\n  \"\"\"The argument 'as' is the name of the variable to export the field to.\"\"\"\n  as: String!\n) on FIELD\n\n\"\"\"\nThe directive @internal marks a variable definition as internal so that clients can't access it.\nThe field is also not visible in the public API.\nIt's only being used as an internal variable to export fields into.\n\"\"\"\ndirective @internal on VARIABLE_DEFINITION\n\n\"\"\"\nThe @transform directive allows to apply transformations to the response.\nBy applying the directive, the shape of the response can be altered,\nwhich will also modify the JSON-Schema of the response.\nThat is, you will keep full type safety and code-generation for transformed fields.\n\"\"\"\ndirective @transform(\n  \"\"\"\n  Using the 'get' transformation allows you to extract a nested field using a JSON path.\n  This is useful to unnest data, e.g. when using the '_join' field, which adds an extra layer of nesting.\n  \n  Example:\n  \n  query GetName {\n      name: me @transform(get: \"info.name\") {\n          info {\n              name\n          }\n      }\n  }\n  \n  Before the transformation, the resolve looks like this:\n  \n  {\n      \"name\": {\n          \"info\": {\n              \"name\": \"John Doe\"\n          }\n      }\n  }\n  \n  With the transformation applied, the response will be reshaped like this:\n  \n  {\n      \"name\": \"John Doe\"\n  }\n  \"\"\"\n  get: String\n) on FIELD\n\ntype countries_Continent {\n  code: ID!\n  countries: [countries_Country!]!\n  name: String!\n  _join: Query!\n}\n\ninput countries_ContinentFilterInput {\n  code: countries_StringQueryOperatorInput\n}\n\ntype countries_Country {\n  awsRegion: String!\n  capital: String\n  code: ID!\n  continent: countries_Continent!\n  currencies: [String!]!\n  currency: String\n  emoji: String!\n  emojiU: String!\n  languages: [countries_Language!]!\n  name(lang: String): String!\n  native: String!\n  phone: String!\n  phones: [String!]!\n  states: [countries_State!]!\n  _join: Query!\n}\n\ninput countries_CountryFilterInput {\n  code: countries_StringQueryOperatorInput\n  continent: countries_StringQueryOperatorInput\n  currency: countries_StringQueryOperatorInput\n}\n\ntype countries_Language {\n  code: ID!\n  name: String!\n  native: String!\n  rtl: Boolean!\n  _join: Query!\n}\n\ninput countries_LanguageFilterInput {\n  code: countries_StringQueryOperatorInput\n}\n\ntype Query {\n  countries_continent(code: ID!): countries_Continent\n  countries_continents(filter: countries_ContinentFilterInput = {}): [countries_Continent!]!\n  countries_countries(filter: countries_CountryFilterInput = {}): [countries_Country!]!\n  countries_country(code: ID!): countries_Country\n  countries_language(code: ID!): countries_Language\n  countries_languages(filter: countries_LanguageFilterInput = {}): [countries_Language!]!\n}\n\ntype countries_State {\n  code: String\n  country: countries_Country!\n  name: String!\n  _join: Query!\n}\n\ninput countries_StringQueryOperatorInput {\n  eq: String\n  in: [String!]\n  ne: String\n  nin: [String!]\n  regex: String\n}\n\nenum COMMON_REGEX_PATTERN {\n  EMAIL\n  DOMAIN\n}\n\nenum WG_ROLE {\n  admin\n  user\n}\n\n\"\"\"Well known claims - https://www.iana.org/assignments/jwt/jwt.xhtml\"\"\"\nenum WG_CLAIM {\n  \"\"\"iss\"\"\"\n  ISSUER\n  \"\"\"deprecated alias for ISSUER\"\"\"\n  PROVIDER\n  \"\"\"sub\"\"\"\n  SUBJECT\n  \"\"\"alias for sub\"\"\"\n  USERID\n  \"\"\"name\"\"\"\n  NAME\n  \"\"\"given_name\"\"\"\n  GIVEN_NAME\n  \"\"\"family_name\"\"\"\n  FAMILY_NAME\n  \"\"\"middle_name\"\"\"\n  MIDDLE_NAME\n  \"\"\"nickname\"\"\"\n  NICKNAME\n  \"\"\"preferred_username\"\"\"\n  PREFERRED_USERNAME\n  \"\"\"profile\"\"\"\n  PROFILE\n  \"\"\"picture\"\"\"\n  PICTURE\n  \"\"\"website\"\"\"\n  WEBSITE\n  \"\"\"email\"\"\"\n  EMAIL\n  \"\"\"email_verified\"\"\"\n  EMAIL_VERIFIED\n  \"\"\"gender\"\"\"\n  GENDER\n  \"\"\"birthdate\"\"\"\n  BIRTH_DATE\n  \"\"\"zoneinfo\"\"\"\n  ZONE_INFO\n  \"\"\"locale\"\"\"\n  LOCALE\n  \"\"\"location\"\"\"\n  LOCATION\n}\n\nenum WunderGraphDateTimeFormat {\n  \"\"\"2006-01-02T15:04:05-0700\"\"\"\n  ISO8601\n  \"\"\"Mon Jan _2 15:04:05 2006\"\"\"\n  ANSIC\n  \"\"\"Mon Jan _2 15:04:05 MST 2006\"\"\"\n  UnixDate\n  \"\"\"Mon Jan 02 15:04:05 -0700 2006\"\"\"\n  RubyDate\n  \"\"\"02 Jan 06 15:04 MST\"\"\"\n  RFC822\n  \"\"\"02 Jan 06 15:04 -0700\"\"\"\n  RFC822Z\n  \"\"\"Monday, 02-Jan-06 15:04:05 MST\"\"\"\n  RFC850\n  \"\"\"Mon, 02 Jan 2006 15:04:05 MST\"\"\"\n  RFC1123\n  \"\"\"Mon, 02 Jan 2006 15:04:05 -0700\"\"\"\n  RFC1123Z\n  \"\"\"2006-01-02T15:04:05Z07:00\"\"\"\n  RFC3339\n  \"\"\"2006-01-02T15:04:05.999999999Z07:00\"\"\"\n  RFC3339Nano\n  \"\"\"3:04PM\"\"\"\n  Kitchen\n  \"\"\"Jan _2 15:04:05\"\"\"\n  Stamp\n  \"\"\"Jan _2 15:04:05.000\"\"\"\n  StampMilli\n  \"\"\"Jan _2 15:04:05.000000\"\"\"\n  StampMicro\n  \"\"\"Jan _2 15:04:05.000000000\"\"\"\n  StampNano\n}",
      "datasourceConfigurations": [
        {
          "id": "",
          "kind": 2,
          "customGraphql": {
            "fetch": {
              "url": {
                "kind": 0,
                "environmentVariableDefaultValue": "",
                "environmentVariableName": "",
                "placeholderVariableName": "",
                "staticVariableContent": "https://countries.trevorblades.com/"
              },
              "baseUrl": {
                "kind": 0,
                "environmentVariableDefaultValue": "",
                "environmentVariableName": "",
                "placeholderVariableName": "",
                "staticVariableContent": ""
              },
              "path": {
                "kind": 0,
                "environmentVariableDefaultValue": "",
                "environmentVariableName": "",
                "placeholderVariableName": "",
                "staticVariableContent": ""
              },
              "method": 1,
              "body": {
                "kind": 0,
                "environmentVariableDefaultValue": "",
                "environmentVariableName": "",
                "placeholderVariableName": "",
                "staticVariableContent": ""
              },
              "header": {},
              "query": [],
              "urlEncodeBody": false
            },
            "federation": {
              "enabled": false,
              "serviceSdl": ""
            },
            "subscription": {
              "enabled": false,
              "url": {
                "kind": 0,
                "environmentVariableDefaultValue": "",
                "environmentVariableName": "",
                "placeholderVariableName": "",
                "staticVariableContent": "https://countries.trevorblades.com/"
              },
              "useSSE": false
            },
            "upstreamSchema": "type Continent {\n  code: ID!\n  countries: [Country!]!\n  name: String!\n}\n\ninput ContinentFilterInput {\n  code: StringQueryOperatorInput\n}\n\ntype Country {\n  awsRegion: String!\n  capital: String\n  code: ID!\n  continent: Continent!\n  currencies: [String!]!\n  currency: String\n  emoji: String!\n  emojiU: String!\n  languages: [Language!]!\n  name(lang: String): String!\n  native: String!\n  phone: String!\n  phones: [String!]!\n  states: [State!]!\n}\n\ninput CountryFilterInput {\n  code: StringQueryOperatorInput\n  continent: StringQueryOperatorInput\n  currency: StringQueryOperatorInput\n}\n\ntype Language {\n  code: ID!\n  name: String!\n  native: String!\n  rtl: Boolean!\n}\n\ninput LanguageFilterInput {\n  code: StringQueryOperatorInput\n}\n\ntype Query {\n  continent(code: ID!): Continent\n  continents(filter: ContinentFilterInput = {}): [Continent!]!\n  countries(filter: CountryFilterInput = {}): [Country!]!\n  country(code: ID!): Country\n  language(code: ID!): Language\n  languages(filter: LanguageFilterInput = {}): [Language!]!\n}\n\ntype State {\n  code: String\n  country: Country!\n  name: String!\n}\n\ninput StringQueryOperatorInput {\n  eq: String\n  in: [String!]\n  ne: String\n  nin: [String!]\n  regex: String\n}",
            "hooksConfiguration": {
              "onWSTransportConnectionInit": false
            },
            "customScalarTypeFields": []
          },
          "rootNodes": [
            {
              "typeName": "Query",
              "fieldNames": [
                "countries_continent",
                "countries_continents",
                "countries_countries",
                "countries_country",
                "countries_language",
                "countries_languages"
              ]
            }
          ],
          "childNodes": [
            {
              "typeName": "countries_Continent",
              "fieldNames": [
                "code",
                "countries",
                "name"
              ]
            },
            {
              "typeName": "countries_Country",
              "fieldNames": [
                "awsRegion",
                "capital",
                "code",
                "continent",
                "currencies",
                "currency",
                "emoji",
                "emojiU",
                "languages",
                "name",
                "native",
                "phone",
                "phones",
                "states"
              ]
            },
            {
              "typeName": "countries_Language",
              "fieldNames": [
                "code",
                "name",
                "native",
                "rtl"
              ]
            },
            {
              "typeName": "countries_State",
              "fieldNames": [
                "code",
                "country",
                "name"
              ]
            }
          ],
          "overrideFieldPathFromAlias": true,
          "directives": [],
          "requestTimeoutSeconds": 0
        },
        {
          "id": "",
          "kind": 0,
          "rootNodes": [
            {
              "typeName": "countries_Continent",
              "fieldNames": [
                "_join"
              ]
            }
          ],
          "childNodes": [],
          "customStatic": {
            "data": {
              "kind": 0,
              "staticVariableContent": "{}",
              "placeholderVariableName": "",
              "environmentVariableDefaultValue": "",
              "environmentVariableName": ""
            }
          },
          "overrideFieldPathFromAlias": false,
          "directives": [],
          "requestTimeoutSeconds": 0
        },
        {
          "id": "",
          "kind": 0,
          "rootNodes": [
            {
              "typeName": "countries_Country",
              "fieldNames": [
                "_join"
              ]
            }
          ],
          "childNodes": [],
          "customStatic": {
            "data": {
              "kind": 0,
              "staticVariableContent": "{}",
              "placeholderVariableName": "",
              "environmentVariableDefaultValue": "",
              "environmentVariableName": ""
            }
          },
          "overrideFieldPathFromAlias": false,
          "directives": [],
          "requestTimeoutSeconds": 0
        },
        {
          "id": "",
          "kind": 0,
          "rootNodes": [
            {
              "typeName": "countries_Language",
              "fieldNames": [
                "_join"
              ]
            }
          ],
          "childNodes": [],
          "customStatic": {
            "data": {
              "kind": 0,
              "staticVariableContent": "{}",
              "placeholderVariableName": "",
              "environmentVariableDefaultValue": "",
              "environmentVariableName": ""
            }
          },
          "overrideFieldPathFromAlias": false,
          "directives": [],
          "requestTimeoutSeconds": 0
        },
        {
          "id": "",
          "kind": 0,
          "rootNodes": [
            {
              "typeName": "countries_State",
              "fieldNames": [
                "_join"
              ]
            }
          ],
          "childNodes": [],
          "customStatic": {
            "data": {
              "kind": 0,
              "staticVariableContent": "{}",
              "placeholderVariableName": "",
              "environmentVariableDefaultValue": "",
              "environmentVariableName": ""
            }
          },
          "overrideFieldPathFromAlias": false,
          "directives": [],
          "requestTimeoutSeconds": 0
        }
      ],
      "fieldConfigurations": [
        {
          "typeName": "countries_Country",
          "fieldName": "name",
          "argumentsConfiguration": [
            {
              "name": "lang",
              "sourceType": 1,
              "sourcePath": [],
              "renderConfiguration": 0,
              "renameTypeTo": ""
            }
          ],
          "disableDefaultFieldMapping": false,
          "path": [
            "name"
          ],
          "requiresFields": [],
          "unescapeResponseJson": false
        },
        {
          "typeName": "Query",
          "fieldName": "countries_continent",
          "argumentsConfiguration": [
            {
              "name": "code",
              "sourceType": 1,
              "sourcePath": [],
              "renderConfiguration": 0,
              "renameTypeTo": ""
            }
          ],
          "disableDefaultFieldMapping": false,
          "path": [
            "continent"
          ],
          "requiresFields": [],
          "unescapeResponseJson": false
        },
        {
          "typeName": "Query",
          "fieldName": "countries_continents",
          "argumentsConfiguration": [
            {
              "name": "filter",
              "sourceType": 1,
              "sourcePath": [],
              "renderConfiguration": 0,
              "renameTypeTo": ""
            }
          ],
          "disableDefaultFieldMapping": false,
          "path": [
            "continents"
          ],
          "requiresFields": [],
          "unescapeResponseJson": false
        },
        {
          "typeName": "Query",
          "fieldName": "countries_countries",
          "argumentsConfiguration": [
            {
              "name": "filter",
              "sourceType": 1,
              "sourcePath": [],
              "renderConfiguration": 0,
              "renameTypeTo": ""
            }
          ],
          "disableDefaultFieldMapping": false,
          "path": [
            "countries"
          ],
          "requiresFields": [],
          "unescapeResponseJson": false
        },
        {
          "typeName": "Query",
          "fieldName": "countries_country",
          "argumentsConfiguration": [
            {
              "name": "code",
              "sourceType": 1,
              "sourcePath": [],
              "renderConfiguration": 0,
              "renameTypeTo": ""
            }
          ],
          "disableDefaultFieldMapping": false,
          "path": [
            "country"
          ],
          "requiresFields": [],
          "unescapeResponseJson": false
        },
        {
          "typeName": "Query",
          "fieldName": "countries_language",
          "argumentsConfiguration": [
            {
              "name": "code",
              "sourceType": 1,
              "sourcePath": [],
              "renderConfiguration": 0,
              "renameTypeTo": ""
            }
          ],
          "disableDefaultFieldMapping": false,
          "path": [
            "language"
          ],
          "requiresFields": [],
          "unescapeResponseJson": false
        },
        {
          "typeName": "Query",
          "fieldName": "countries_languages",
          "argumentsConfiguration": [
            {
              "name": "filter",
              "sourceType": 1,
              "sourcePath": [],
              "renderConfiguration": 0,
              "renameTypeTo": ""
            }
          ],
          "disableDefaultFieldMapping": false,
          "path": [
            "languages"
          ],
          "requiresFields": [],
          "unescapeResponseJson": false
        },
        {
          "typeName": "countries_Continent",
          "fieldName": "_join",
          "disableDefaultFieldMapping": true,
          "path": [
            "_join"
          ],
          "requiresFields": [],
          "argumentsConfiguration": [],
          "unescapeResponseJson": false
        },
        {
          "typeName": "countries_Country",
          "fieldName": "_join",
          "disableDefaultFieldMapping": true,
          "path": [
            "_join"
          ],
          "requiresFields": [],
          "argumentsConfiguration": [],
          "unescapeResponseJson": false
        },
        {
          "typeName": "countries_Language",
          "fieldName": "_join",
          "disableDefaultFieldMapping": true,
          "path": [
            "_join"
          ],
          "requiresFields": [],
          "argumentsConfiguration": [],
          "unescapeResponseJson": false
        },
        {
          "typeName": "countries_State",
          "fieldName": "_join",
          "disableDefaultFieldMapping": true,
          "path": [
            "_join"
          ],
          "requiresFields": [],
          "argumentsConfiguration": [],
          "unescapeResponseJson": false
        }
      ],
      "typeConfigurations": [
        {
          "typeName": "countries_Continent",
          "renameTo": "Continent"
        },
        {
          "typeName": "countries_ContinentFilterInput",
          "renameTo": "ContinentFilterInput"
        },
        {
          "typeName": "countries_Country",
          "renameTo": "Country"
        },
        {
          "typeName": "countries_CountryFilterInput",
          "renameTo": "CountryFilterInput"
        },
        {
          "typeName": "countries_Language",
          "renameTo": "Language"
        },
        {
          "typeName": "countries_LanguageFilterInput",
          "renameTo": "LanguageFilterInput"
        },
        {
          "typeName": "countries_State",
          "renameTo": "State"
        },
        {
          "typeName": "countries_StringQueryOperatorInput",
          "renameTo": "StringQueryOperatorInput"
        }
      ]
    },
    "s3UploadConfiguration": [],
    "corsConfiguration": {
      "maxAge": 120,
      "allowedHeaders": [
        "*"
      ],
      "allowedMethods": [
        "GET",
        "POST"
      ],
      "exposedHeaders": [
        "*"
      ],
      "allowCredentials": true,
      "allowedOrigins": [
        {
          "kind": 0,
          "environmentVariableDefaultValue": "",
          "environmentVariableName": "",
          "placeholderVariableName": "",
          "staticVariableContent": "http://localhost:3000"
        },
        {
          "kind": 1,
          "staticVariableContent": "",
          "placeholderVariableName": "",
          "environmentVariableDefaultValue": "",
          "environmentVariableName": "WG_ALLOWED_ORIGIN"
        }
      ]
    },
    "authenticationConfig": {
      "cookieBased": {
        "providers": [],
        "authorizedRedirectUris": [],
        "authorizedRedirectUriRegexes": [],
        "blockKey": {
          "kind": 0,
          "environmentVariableDefaultValue": "",
          "environmentVariableName": "",
          "placeholderVariableName": "",
          "staticVariableContent": ""
        },
        "hashKey": {
          "kind": 0,
          "environmentVariableDefaultValue": "",
          "environmentVariableName": "",
          "placeholderVariableName": "",
          "staticVariableContent": ""
        },
        "csrfSecret": {
          "kind": 0,
          "environmentVariableDefaultValue": "",
          "environmentVariableName": "",
          "placeholderVariableName": "",
          "staticVariableContent": ""
        }
      },
      "hooks": {
        "postAuthentication": false,
        "mutatingPostAuthentication": false,
        "revalidateAuthentication": false,
        "postLogout": false
      },
      "jwksBased": {
        "providers": []
      },
      "publicClaims": []
    },
    "allowedHostNames": [],
    "webhooks": [],
    "nodeOptions": {
      "nodeUrl": {
        "kind": 1,
        "staticVariableContent": "",
        "placeholderVariableName": "",
        "environmentVariableDefaultValue": "http://localhost:9991",
        "environmentVariableName": "WG_NODE_URL"
      },
      "nodeInternalUrl": {
        "kind": 1,
        "staticVariableContent": "",
        "placeholderVariableName": "",
        "environmentVariableDefaultValue": "http://localhost:9993",
        "environmentVariableName": "WG_NODE_INTERNAL_URL"
      },
      "publicNodeUrl": {
        "kind": 1,
        "staticVariableContent": "",
        "placeholderVariableName": "",
        "environmentVariableDefaultValue": "http://localhost:9991",
        "environmentVariableName": "WG_NODE_URL"
      },
      "listen": {
        "host": {
          "kind": 1,
          "staticVariableContent": "",
          "placeholderVariableName": "",
          "environmentVariableDefaultValue": "localhost",
          "environmentVariableName": "WG_NODE_HOST"
        },
        "port": {
          "kind": 1,
          "staticVariableContent": "",
          "placeholderVariableName": "",
          "environmentVariableDefaultValue": "9991",
          "environmentVariableName": "WG_NODE_PORT"
        }
      },
      "listenInternal": {
        "port": {
          "kind": 1,
          "staticVariableContent": "",
          "placeholderVariableName": "",
          "environmentVariableDefaultValue": "9993",
          "environmentVariableName": "WG_NODE_INTERNAL_PORT"
        }
      },
      "logger": {
        "level": {
          "kind": 1,
          "staticVariableContent": "",
          "placeholderVariableName": "",
          "environmentVariableDefaultValue": "info",
          "environmentVariableName": "WG_LOG_LEVEL"
        }
      },
      "defaultRequestTimeoutSeconds": 0,
      "defaultHttpProxyUrl": {
        "kind": 1,
        "staticVariableContent": "",
        "placeholderVariableName": "",
        "environmentVariableDefaultValue": "",
        "environmentVariableName": "WG_HTTP_PROXY"
      }
    },
    "serverOptions": {
      "serverUrl": {
        "kind": 1,
        "staticVariableContent": "",
        "placeholderVariableName": "",
        "environmentVariableDefaultValue": "http://localhost:9992",
        "environmentVariableName": "WG_SERVER_URL"
      },
      "listen": {
        "host": {
          "kind": 1,
          "staticVariableContent": "",
          "placeholderVariableName": "",
          "environmentVariableDefaultValue": "localhost",
          "environmentVariableName": "WG_SERVER_HOST"
        },
        "port": {
          "kind": 1,
          "staticVariableContent": "",
          "placeholderVariableName": "",
          "environmentVariableDefaultValue": "9992",
          "environmentVariableName": "WG_SERVER_PORT"
        }
      },
      "logger": {
        "level": {
          "kind": 1,
          "staticVariableContent": "",
          "placeholderVariableName": "",
          "environmentVariableDefaultValue": "info",
          "environmentVariableName": "WG_LOG_LEVEL"
        }
      }
    }
  },
  "dangerouslyEnableGraphQLEndpoint": true
}