{
  "openapi": "3.1.0",
  "info": {
    "title": "WunderGraph Application",
    "version": "0"
  },
  "servers": [
    {
      "url": "http://localhost:9991/operations"
    }
  ],
  "paths": {
    "/Continents": {
      "get": {
        "operationId": "Continents",
        "x-wundergraph-operation-type": "query",
        "x-wundergraph-requires-authentication": false,
        "parameters": [],
        "responses": {
          "200": {
            "description": "Success",
            "content": {
              "application/json": {
                "schema": {
                  "type": "object",
                  "properties": {
                    "data": {
                      "type": "object",
                      "properties": {
                        "countries_continents": {
                          "type": "array",
                          "items": {
                            "type": "object",
                            "properties": {
                              "name": {
                                "type": "string"
                              },
                              "code": {
                                "type": "string"
                              }
                            },
                            "additionalProperties": false,
                            "required": [
                              "name",
                              "code"
                            ]
                          }
                        }
                      },
                      "additionalProperties": false,
                      "required": [
                        "countries_continents"
                      ]
                    }
                  },
                  "additionalProperties": false
                }
              }
            }
          },
          "400": {
            "description": "Invalid input",
            "content": {
              "application/json": {
                "schema": {
                  "$ref": "#/components/schemas/InvalidInputError"
                }
              }
            }
          }
        }
      }
    },
    "/Countries": {
      "get": {
        "operationId": "Countries",
        "x-wundergraph-operation-type": "query",
        "x-wundergraph-requires-authentication": false,
        "parameters": [],
        "responses": {
          "200": {
            "description": "Success",
            "content": {
              "application/json": {
                "schema": {
                  "type": "object",
                  "properties": {
                    "data": {
                      "type": "object",
                      "properties": {
                        "countries_countries": {
                          "type": "array",
                          "items": {
                            "type": "object",
                            "properties": {
                              "code": {
                                "type": "string"
                              },
                              "name": {
                                "type": "string"
                              },
                              "capital": {
                                "type": "string"
                              }
                            },
                            "additionalProperties": false,
                            "required": [
                              "code",
                              "name"
                            ]
                          }
                        }
                      },
                      "additionalProperties": false,
                      "required": [
                        "countries_countries"
                      ]
                    }
                  },
                  "additionalProperties": false
                }
              }
            }
          },
          "400": {
            "description": "Invalid input",
            "content": {
              "application/json": {
                "schema": {
                  "$ref": "#/components/schemas/InvalidInputError"
                }
              }
            }
          }
        }
      }
    },
    "/users/get": {
      "get": {
        "operationId": "UsersGet",
        "x-wundergraph-operation-type": "query",
        "x-wundergraph-requires-authentication": false,
        "parameters": [
          {
            "name": "id",
            "description": "Type: string",
            "in": "query",
            "required": true,
            "allowEmptyValue": false,
            "schema": {
              "type": "string"
            }
          }
        ],
        "responses": {
          "200": {
            "description": "Success",
            "content": {
              "application/json": {
                "schema": {}
              }
            }
          },
          "400": {
            "description": "Invalid input",
            "content": {
              "application/json": {
                "schema": {
                  "$ref": "#/components/schemas/InvalidInputError"
                }
              }
            }
          }
        }
      }
    },
    "/users/subscribe": {
      "get": {
        "operationId": "UsersSubscribe",
        "x-wundergraph-operation-type": "subscription",
        "x-wundergraph-requires-authentication": false,
        "parameters": [
          {
            "name": "id",
            "description": "Type: string",
            "in": "query",
            "required": true,
            "allowEmptyValue": false,
            "schema": {
              "type": "string"
            }
          }
        ],
        "responses": {
          "200": {
            "description": "Success",
            "content": {
              "application/json": {
                "schema": {}
              }
            }
          },
          "400": {
            "description": "Invalid input",
            "content": {
              "application/json": {
                "schema": {
                  "$ref": "#/components/schemas/InvalidInputError"
                }
              }
            }
          }
        }
      }
    },
    "/users/update": {
      "post": {
        "operationId": "UsersUpdate",
        "x-wundergraph-operation-type": "mutation",
        "x-wundergraph-requires-authentication": false,
        "requestBody": {
          "content": {
            "application/json": {
              "schema": {
                "type": "object",
                "properties": {
                  "id": {
                    "type": "string"
                  },
                  "name": {
                    "type": "string"
                  },
                  "bio": {
                    "type": "string"
                  }
                },
                "required": [
                  "id",
                  "name",
                  "bio"
                ],
                "additionalProperties": false,
                "$schema": "http://json-schema.org/draft-07/schema#"
              }
            }
          },
          "required": true
        },
        "responses": {
          "200": {
            "description": "Success",
            "content": {
              "application/json": {
                "schema": {}
              }
            }
          },
          "400": {
            "description": "Invalid input",
            "content": {
              "application/json": {
                "schema": {
                  "$ref": "#/components/schemas/InvalidInputError"
                }
              }
            }
          }
        }
      }
    }
  },
  "components": {
    "schemas": {
      "InvalidInputError": {
        "type": "object",
        "properties": {
          "message": {
            "type": "string"
          },
          "input": {},
          "errors": {
            "type": "array",
            "items": {
              "type": "object",
              "properties": {
                "propertyPath": {
                  "type": "string"
                },
                "invalidValue": {},
                "message": {
                  "type": "string"
                }
              },
              "required": [
                "propertyPath",
                "invalidValue",
                "message"
              ]
            }
          }
        },
        "required": [
          "message",
          "input",
          "errors"
        ]
      }
    }
  }
}